{"cameraMode":{"drawMode":0,"name":"Shaded","section":"Shading Mode"},"sceneLighting":false,"audioPlay":false,"sceneViewState":{"showFog":true,"showMaterialUpdate":false,"showSkybox":false,"showFlares":true,"showImageEffects":true,"showParticleSystems":true,"showVisualEffectGraphs":true,"m_FxEnabled":true},"in2DMode":false,"pivot":{"x":-0.7123734951019287,"y":0.8795822262763977,"z":1.1617895364761353},"rotation":{"x":0.030250929296016694,"y":0.05993270501494408,"z":-0.0018162722699344159,"w":0.997747540473938},"size":4.906333923339844,"orthographic":false}